time,L_HUMAN,L_AI,experiment_compute,training_compute
2019,696.7568082,1000,1,2.2
2020,905.7838507,2154,9.9,1
2021,1177.519006,4642,44.55,1
2022,1530.774708,10000,200.475,1
2023,2755.394474,21544,902.1375,1
2024,4959.710053,46416,4059.61875,1
2025,8927.478095,100000,18268.28438,1
2026,16069.46057,215443,82207.27969,1
2027,28925.02903,464159,369932.7586,1
2028,52065.05225,1000000,1664697.414,1
2029,88510.58882,2154435,5992910.689,0.8
2030,141616.9421,4641589,13484049.05,0.5